Date,Count,Referrer,Unique Visitors
2020-11-05,1125,ref.gamer.com.tw,712
2020-11-05,693,youtube.com,431
2020-11-05,279,reddit.com,193
2020-11-05,257,Google,148
2020-11-05,76,bbs.nga.cn,59
2020-11-05,74,github.com,39
2020-11-05,48,m.facebook.com,38
2020-11-05,31,m.youtube.com,16
2020-11-05,16,community.gamepress.gg,13
2020-11-05,14,ngabbs.com,8
2020-11-06,941,ref.gamer.com.tw,599
2020-11-06,602,youtube.com,376
2020-11-06,256,reddit.com,187
2020-11-06,231,Google,136
2020-11-06,67,bbs.nga.cn,51
2020-11-06,63,github.com,33
2020-11-06,37,m.facebook.com,29
2020-11-06,30,m.youtube.com,15
2020-11-06,14,ngabbs.com,8
2020-11-06,13,community.gamepress.gg,10
2020-11-07,845,ref.gamer.com.tw,545
2020-11-07,547,youtube.com,345
2020-11-07,244,reddit.com,182
2020-11-07,220,Google,127
2020-11-07,65,bbs.nga.cn,49
2020-11-07,61,github.com,33
2020-11-07,32,m.facebook.com,25
2020-11-07,27,m.youtube.com,14
2020-11-07,14,ngabbs.com,7
2020-11-07,13,old.reddit.com,8
2020-11-08,774,ref.gamer.com.tw,491
2020-11-08,506,youtube.com,325
2020-11-08,237,reddit.com,181
2020-11-08,203,Google,118
2020-11-08,52,github.com,29
2020-11-08,50,bbs.nga.cn,42
2020-11-08,23,m.facebook.com,21
2020-11-08,23,m.youtube.com,14
2020-11-08,13,old.reddit.com,8
2020-11-08,13,ngabbs.com,6
2020-11-09,672,ref.gamer.com.tw,453
2020-11-09,355,youtube.com,238
2020-11-09,221,reddit.com,177
2020-11-09,145,Google,90
2020-11-09,52,github.com,28
2020-11-09,33,bbs.nga.cn,26
2020-11-09,22,m.facebook.com,20
2020-11-09,14,m.youtube.com,10
2020-11-09,12,community.gamepress.gg,9
2020-11-09,10,dl.raenonx.cc,9
2020-11-10,660,ref.gamer.com.tw,453
2020-11-10,275,youtube.com,181
2020-11-10,206,reddit.com,169
2020-11-10,110,Google,70
2020-11-10,49,github.com,26
2020-11-10,28,forum.gamer.com.tw,25
2020-11-10,22,bbs.nga.cn,21
2020-11-10,19,m.facebook.com,18
2020-11-10,17,community.gamepress.gg,12
2020-11-10,11,dl.raenonx.cc,10
2020-11-11,638,ref.gamer.com.tw,438
2020-11-11,242,youtube.com,164
2020-11-11,203,reddit.com,169
2020-11-11,97,Google,65
2020-11-11,51,github.com,28
2020-11-11,34,forum.gamer.com.tw,30
2020-11-11,21,bbs.nga.cn,19
2020-11-11,17,m.facebook.com,16
2020-11-11,16,community.gamepress.gg,11
2020-11-11,12,dl.raenonx.cc,11
2020-11-12,621,ref.gamer.com.tw,420
2020-11-12,214,youtube.com,142
2020-11-12,205,reddit.com,166
2020-11-12,82,Google,60
2020-11-12,43,github.com,26
2020-11-12,34,forum.gamer.com.tw,30
2020-11-12,17,bbs.nga.cn,15
2020-11-12,17,community.gamepress.gg,12
2020-11-12,16,m.facebook.com,15
2020-11-12,12,dl.raenonx.cc,11
2020-11-15,586,ref.gamer.com.tw,394
2020-11-15,166,youtube.com,115
2020-11-15,93,reddit.com,64
2020-11-15,68,Google,53
2020-11-15,49,dl.raenonx.cc,36
2020-11-15,37,github.com,23
2020-11-15,35,forum.gamer.com.tw,31
2020-11-15,15,bbs.nga.cn,13
2020-11-15,13,community.gamepress.gg,9
2020-11-15,5,ngabbs.com,3
2020-11-16,582,ref.gamer.com.tw,397
2020-11-16,582,ref.gamer.com.tw,397
2020-11-16,582,ref.gamer.com.tw,397
2020-11-16,154,youtube.com,108
2020-11-16,154,youtube.com,108
2020-11-16,154,youtube.com,108
2020-11-16,62,Google,47
2020-11-16,62,Google,47
2020-11-16,62,Google,47
2020-11-16,55,reddit.com,43
2020-11-16,55,reddit.com,43
2020-11-16,55,reddit.com,43
2020-11-16,49,dl.raenonx.cc,36
2020-11-16,49,dl.raenonx.cc,36
2020-11-16,49,dl.raenonx.cc,36
2020-11-16,36,github.com,21
2020-11-16,36,github.com,21
2020-11-16,36,github.com,21
2020-11-16,35,forum.gamer.com.tw,31
2020-11-16,35,forum.gamer.com.tw,31
2020-11-16,35,forum.gamer.com.tw,31
2020-11-16,15,bbs.nga.cn,13
2020-11-16,15,bbs.nga.cn,13
2020-11-16,15,bbs.nga.cn,13
2020-11-16,13,community.gamepress.gg,9
2020-11-16,13,community.gamepress.gg,9
2020-11-16,13,community.gamepress.gg,9
2020-11-16,5,ngabbs.com,3
2020-11-16,5,ngabbs.com,3
2020-11-16,5,ngabbs.com,3
2020-11-17,529,ref.gamer.com.tw,363
2020-11-17,142,youtube.com,99
2020-11-17,56,Google,41
2020-11-17,49,dl.raenonx.cc,36
2020-11-17,38,reddit.com,27
2020-11-17,35,forum.gamer.com.tw,31
2020-11-17,34,github.com,20
2020-11-17,14,bbs.nga.cn,12
2020-11-17,13,community.gamepress.gg,9
2020-11-17,4,ngabbs.com,2
2020-11-18,527,ref.gamer.com.tw,353
2020-11-18,115,youtube.com,82
2020-11-18,59,Google,46
2020-11-18,50,dl.raenonx.cc,37
2020-11-18,35,forum.gamer.com.tw,31
2020-11-18,31,reddit.com,22
2020-11-18,30,github.com,16
2020-11-18,16,bbs.nga.cn,13
2020-11-18,13,community.gamepress.gg,9
2020-11-18,5,ngabbs.com,3
2020-11-19,490,ref.gamer.com.tw,337
2020-11-19,106,youtube.com,76
2020-11-19,60,Google,48
2020-11-19,48,dl.raenonx.cc,35
2020-11-19,35,forum.gamer.com.tw,31
2020-11-19,29,reddit.com,20
2020-11-19,27,github.com,15
2020-11-19,13,bbs.nga.cn,11
2020-11-19,13,community.gamepress.gg,9
2020-11-19,4,ngabbs.com,3
2020-11-20,477,ref.gamer.com.tw,332
2020-11-20,105,youtube.com,75
2020-11-20,63,Google,47
2020-11-20,50,dl.raenonx.cc,37
2020-11-20,35,forum.gamer.com.tw,31
2020-11-20,26,github.com,15
2020-11-20,22,reddit.com,15
2020-11-20,12,bbs.nga.cn,10
2020-11-20,12,community.gamepress.gg,8
2020-11-20,4,ngabbs.com,3
2020-11-21,423,ref.gamer.com.tw,294
2020-11-21,103,youtube.com,70
2020-11-21,67,Google,50
2020-11-21,49,dl.raenonx.cc,36
2020-11-21,26,forum.gamer.com.tw,22
2020-11-21,23,github.com,14
2020-11-21,17,reddit.com,11
2020-11-21,12,bbs.nga.cn,10
2020-11-21,11,community.gamepress.gg,7
2020-11-21,4,ngabbs.com,3
2020-11-22,359,ref.gamer.com.tw,247
2020-11-22,97,youtube.com,64
2020-11-22,70,Google,53
2020-11-22,48,dl.raenonx.cc,35
2020-11-22,23,github.com,14
2020-11-22,17,reddit.com,11
2020-11-22,9,bbs.nga.cn,7
2020-11-22,7,forum.gamer.com.tw,6
2020-11-22,5,community.gamepress.gg,4
2020-11-22,4,ngabbs.com,3
2020-11-23,337,ref.gamer.com.tw,236
2020-11-23,91,youtube.com,61
2020-11-23,73,Google,56
2020-11-23,47,dl.raenonx.cc,34
2020-11-23,19,github.com,11
2020-11-23,16,reddit.com,10
2020-11-23,7,bbs.nga.cn,6
2020-11-23,5,ngabbs.com,4
2020-11-23,3,community.gamepress.gg,3
2020-11-23,2,m.facebook.com,2
2020-11-24,311,ref.gamer.com.tw,227
2020-11-24,85,youtube.com,60
2020-11-24,84,Google,61
2020-11-24,48,dl.raenonx.cc,34
2020-11-24,18,github.com,10
2020-11-24,9,reddit.com,8
2020-11-24,6,bbs.nga.cn,5
2020-11-24,4,ngabbs.com,3
2020-11-24,2,community.gamepress.gg,2
2020-11-24,2,m.facebook.com,2
2020-11-25,295,ref.gamer.com.tw,211
2020-11-25,86,Google,62
2020-11-25,58,youtube.com,40
2020-11-25,48,dl.raenonx.cc,34
2020-11-25,18,github.com,10
2020-11-25,7,reddit.com,6
2020-11-25,4,ngabbs.com,3
2020-11-25,3,bbs.nga.cn,2
2020-11-25,2,m.facebook.com,2
2020-11-25,2,facebook.com,1
2020-11-26,290,ref.gamer.com.tw,206
2020-11-26,79,Google,61
2020-11-26,50,youtube.com,35
2020-11-26,48,dl.raenonx.cc,34
2020-11-26,16,github.com,10
2020-11-26,5,reddit.com,4
2020-11-26,4,bbs.nga.cn,3
2020-11-26,3,ngabbs.com,2
2020-11-26,2,m.facebook.com,2
2020-11-26,2,facebook.com,1
2020-11-27,271,ref.gamer.com.tw,193
2020-11-27,267,ref.gamer.com.tw,189
2020-11-27,72,Google,56
2020-11-27,72,Google,56
2020-11-27,51,youtube.com,35
2020-11-27,48,youtube.com,33
2020-11-27,21,dl.raenonx.cc,17
2020-11-27,21,dl.raenonx.cc,17
2020-11-27,11,github.com,8
2020-11-27,10,github.com,7
2020-11-27,5,reddit.com,4
2020-11-27,4,bbs.nga.cn,3
2020-11-27,4,reddit.com,3
2020-11-27,4,bbs.nga.cn,3
2020-11-27,3,ngabbs.com,2
2020-11-27,3,ngabbs.com,2
2020-11-27,2,m.facebook.com,2
2020-11-27,2,m.facebook.com,2
2020-11-27,1,facebook.com,1
2020-11-27,1,facebook.com,1
2020-11-28,254,ref.gamer.com.tw,180
2020-11-28,231,ref.gamer.com.tw,166
2020-11-28,82,Google,59
2020-11-28,66,Google,52
2020-11-28,59,youtube.com,43
2020-11-28,49,youtube.com,33
2020-11-28,13,github.com,9
2020-11-28,11,github.com,8
2020-11-28,7,dl.raenonx.cc,6
2020-11-28,7,dl.raenonx.cc,6
2020-11-28,4,reddit.com,3
2020-11-28,4,bbs.nga.cn,3
2020-11-28,4,reddit.com,3
2020-11-28,3,bbs.nga.cn,2
2020-11-28,3,ngabbs.com,2
2020-11-28,3,ngabbs.com,2
2020-11-28,2,m.facebook.com,2
2020-11-28,2,m.facebook.com,2
2020-11-28,1,facebook.com,1
2020-11-28,1,facebook.com,1
2020-11-29,218,ref.gamer.com.tw,155
2020-11-29,76,Google,54
2020-11-29,55,youtube.com,40
2020-11-29,11,github.com,9
2020-11-29,6,dl.raenonx.cc,5
2020-11-29,4,bbs.nga.cn,3
2020-11-29,3,ngabbs.com,2
2020-11-29,3,reddit.com,2
2020-11-29,2,m.facebook.com,2
2020-11-29,1,facebook.com,1
2020-11-30,238,ref.gamer.com.tw,170
2020-11-30,238,ref.gamer.com.tw,170
2020-11-30,238,ref.gamer.com.tw,170
2020-11-30,238,ref.gamer.com.tw,170
2020-11-30,200,ref.gamer.com.tw,149
2020-11-30,76,Google,55
2020-11-30,76,Google,55
2020-11-30,76,Google,55
2020-11-30,76,Google,55
2020-11-30,70,Google,50
2020-11-30,58,youtube.com,44
2020-11-30,58,youtube.com,44
2020-11-30,58,youtube.com,44
2020-11-30,58,youtube.com,44
2020-11-30,55,youtube.com,42
2020-11-30,12,github.com,11
2020-11-30,12,github.com,11
2020-11-30,12,github.com,11
2020-11-30,12,github.com,11
2020-11-30,12,github.com,11
2020-11-30,6,dl.raenonx.cc,5
2020-11-30,6,dl.raenonx.cc,5
2020-11-30,6,dl.raenonx.cc,5
2020-11-30,6,dl.raenonx.cc,5
2020-11-30,6,dl.raenonx.cc,5
2020-11-30,4,reddit.com,3
2020-11-30,4,reddit.com,3
2020-11-30,4,reddit.com,3
2020-11-30,4,reddit.com,3
2020-11-30,4,reddit.com,3
2020-11-30,2,bbs.nga.cn,2
2020-11-30,2,ngabbs.com,1
2020-11-30,2,bbs.nga.cn,2
2020-11-30,2,ngabbs.com,1
2020-11-30,2,m.dcinside.com,1
2020-11-30,2,bbs.nga.cn,2
2020-11-30,2,ngabbs.com,1
2020-11-30,2,m.dcinside.com,1
2020-11-30,2,bbs.nga.cn,2
2020-11-30,2,ngabbs.com,1
2020-11-30,2,m.dcinside.com,1
2020-11-30,2,bbs.nga.cn,2
2020-11-30,2,ngabbs.com,1
2020-11-30,2,m.dcinside.com,1
2020-11-30,1,facebook.com,1
2020-11-30,1,cn.bing.com,1
2020-11-30,1,facebook.com,1
2020-11-30,1,facebook.com,1
2020-11-30,1,facebook.com,1
2020-11-30,1,facebook.com,1
2020-12-01,210,ref.gamer.com.tw,152
2020-12-01,72,Google,51
2020-12-01,52,youtube.com,41
2020-12-01,11,github.com,10
2020-12-01,6,dl.raenonx.cc,5
2020-12-01,4,reddit.com,3
2020-12-01,2,bbs.nga.cn,2
2020-12-01,2,ngabbs.com,1
2020-12-01,2,m.dcinside.com,1
2020-12-01,1,facebook.com,1
2020-12-02,209,ref.gamer.com.tw,150
2020-12-02,69,Google,51
2020-12-02,58,youtube.com,47
2020-12-02,12,github.com,10
2020-12-02,6,dl.raenonx.cc,4
2020-12-02,6,reddit.com,4
2020-12-02,2,bbs.nga.cn,2
2020-12-02,2,m.dcinside.com,1
2020-12-02,2,ngabbs.com,1
2020-12-02,1,m.facebook.com,1
2020-12-03,220,ref.gamer.com.tw,152
2020-12-03,66,Google,49
2020-12-03,53,youtube.com,45
2020-12-03,11,github.com,10
2020-12-03,8,dl.raenonx.cc,6
2020-12-03,8,reddit.com,5
2020-12-03,3,bbs.nga.cn,3
2020-12-03,2,ngabbs.com,1
2020-12-03,2,m.dcinside.com,1
2020-12-03,1,community.gamepress.gg,1
2020-12-04,224,ref.gamer.com.tw,152
2020-12-04,67,Google,48
2020-12-04,56,youtube.com,47
2020-12-04,12,github.com,11
2020-12-04,8,dl.raenonx.cc,6
2020-12-04,8,reddit.com,5
2020-12-04,3,bbs.nga.cn,3
2020-12-04,2,m.dcinside.com,1
2020-12-04,2,ngabbs.com,1
2020-12-04,1,nga.178.com,1
2020-12-05,217,ref.gamer.com.tw,144
2020-12-05,59,Google,41
2020-12-05,56,youtube.com,47
2020-12-05,14,github.com,12
2020-12-05,8,dl.raenonx.cc,6
2020-12-05,8,reddit.com,5
2020-12-05,3,bbs.nga.cn,3
2020-12-05,3,old.reddit.com,1
2020-12-05,2,m.dcinside.com,1
2020-12-05,1,l.facebook.com,1
2020-12-06,215,ref.gamer.com.tw,147
2020-12-06,53,youtube.com,44
2020-12-06,53,Google,38
2020-12-06,14,github.com,12
2020-12-06,6,reddit.com,4
2020-12-06,5,dl.raenonx.cc,4
2020-12-06,3,bbs.nga.cn,3
2020-12-06,3,old.reddit.com,1
2020-12-06,2,m.dcinside.com,1
2020-12-06,1,l.facebook.com,1
2020-12-07,200,ref.gamer.com.tw,139
2020-12-07,61,Google,46
2020-12-07,51,youtube.com,42
2020-12-07,12,github.com,10
2020-12-07,6,reddit.com,4
2020-12-07,5,dl.raenonx.cc,4
2020-12-07,4,bbs.nga.cn,4
2020-12-07,3,old.reddit.com,1
2020-12-07,2,m.dcinside.com,1
2020-12-07,1,l.facebook.com,1
2020-12-08,207,ref.gamer.com.tw,144
2020-12-08,67,Google,50
2020-12-08,53,youtube.com,44
2020-12-08,12,github.com,10
2020-12-08,7,dl.raenonx.cc,6
2020-12-08,6,reddit.com,4
2020-12-08,4,bbs.nga.cn,4
2020-12-08,3,old.reddit.com,1
2020-12-08,2,m.dcinside.com,1
2020-12-08,1,nga.178.com,1
2020-12-09,212,ref.gamer.com.tw,149
2020-12-09,71,Google,52
2020-12-09,56,youtube.com,46
2020-12-09,13,github.com,11
2020-12-09,7,dl.raenonx.cc,6
2020-12-09,7,reddit.com,5
2020-12-09,4,bbs.nga.cn,4
2020-12-09,3,ngabbs.com,1
2020-12-09,3,old.reddit.com,1
2020-12-09,2,community.gamepress.gg,2
2020-12-10,224,ref.gamer.com.tw,155
2020-12-10,77,Google,55
2020-12-10,54,youtube.com,45
2020-12-10,13,github.com,11
2020-12-10,7,dl.raenonx.cc,6
2020-12-10,6,reddit.com,4
2020-12-10,4,bbs.nga.cn,4
2020-12-10,4,ngabbs.com,1
2020-12-10,3,old.reddit.com,1
2020-12-10,2,community.gamepress.gg,2
2020-12-11,214,ref.gamer.com.tw,152
2020-12-11,214,ref.gamer.com.tw,152
2020-12-11,63,Google,48
2020-12-11,63,Google,48
2020-12-11,48,youtube.com,39
2020-12-11,48,youtube.com,39
2020-12-11,11,github.com,10
2020-12-11,11,github.com,10
2020-12-11,7,dl.raenonx.cc,6
2020-12-11,7,reddit.com,5
2020-12-11,7,dl.raenonx.cc,6
2020-12-11,7,reddit.com,5
2020-12-11,4,ngabbs.com,1
2020-12-11,4,ngabbs.com,1
2020-12-11,3,bbs.nga.cn,3
2020-12-11,3,old.reddit.com,1
2020-12-11,3,bbs.nga.cn,3
2020-12-11,3,old.reddit.com,1
2020-12-11,2,community.gamepress.gg,2
2020-12-11,2,community.gamepress.gg,2
2020-12-13,191,ref.gamer.com.tw,136
2020-12-13,60,Google,47
2020-12-13,45,youtube.com,39
2020-12-13,11,github.com,9
2020-12-13,7,dl.raenonx.cc,6
2020-12-13,6,reddit.com,4
2020-12-13,5,community.gamepress.gg,4
2020-12-13,4,ngabbs.com,1
2020-12-13,3,bbs.nga.cn,3
2020-12-13,3,old.reddit.com,1
2020-12-15,190,ref.gamer.com.tw,139
2020-12-15,72,Google,59
2020-12-15,40,youtube.com,35
2020-12-15,10,github.com,7
2020-12-15,8,ngabbs.com,3
2020-12-15,6,community.gamepress.gg,5
2020-12-15,5,bbs.nga.cn,5
2020-12-15,5,dl.raenonx.cc,5
2020-12-15,5,reddit.com,3
2020-12-15,3,old.reddit.com,1
2020-12-20,176,ref.gamer.com.tw,126
2020-12-20,56,youtube.com,38
2020-12-20,52,Google,44
2020-12-20,9,github.com,5
2020-12-20,8,reddit.com,6
2020-12-20,8,community.gamepress.gg,6
2020-12-20,7,dl.raenonx.cc,7
2020-12-20,7,ngabbs.com,3
2020-12-20,5,bbs.nga.cn,5
2020-12-20,3,m.youtube.com,2
2020-12-27,124,ref.gamer.com.tw,91
2020-12-27,49,youtube.com,28
2020-12-27,32,Google,26
2020-12-27,7,dl.raenonx.cc,7
2020-12-27,7,reddit.com,5
2020-12-27,7,github.com,3
2020-12-27,6,bbs.nga.cn,6
2020-12-27,4,community.gamepress.gg,3
2020-12-27,4,m.facebook.com,1
2020-12-27,2,ngabbs.com,1
2020-12-28,131,ref.gamer.com.tw,98
2020-12-28,53,youtube.com,33
2020-12-28,39,Google,33
2020-12-28,9,github.com,5
2020-12-28,8,dl.raenonx.cc,8
2020-12-28,4,bbs.nga.cn,4
2020-12-28,4,reddit.com,4
2020-12-28,4,m.facebook.com,1
2020-12-28,2,ngabbs.com,2
2020-12-28,2,community.gamepress.gg,1
2020-12-31,240,ref.gamer.com.tw,154
2020-12-31,240,ref.gamer.com.tw,154
2020-12-31,240,ref.gamer.com.tw,154
2020-12-31,240,ref.gamer.com.tw,154
2020-12-31,61,Google,49
2020-12-31,61,Google,49
2020-12-31,61,Google,49
2020-12-31,61,Google,49
2020-12-31,40,youtube.com,31
2020-12-31,40,youtube.com,31
2020-12-31,40,youtube.com,31
2020-12-31,40,youtube.com,31
2020-12-31,9,github.com,4
2020-12-31,9,github.com,4
2020-12-31,9,github.com,4
2020-12-31,9,github.com,4
2020-12-31,7,dl.raenonx.cc,7
2020-12-31,7,dl.raenonx.cc,7
2020-12-31,7,dl.raenonx.cc,7
2020-12-31,7,dl.raenonx.cc,7
2020-12-31,5,bbs.nga.cn,5
2020-12-31,5,reddit.com,4
2020-12-31,5,bbs.nga.cn,5
2020-12-31,5,reddit.com,4
2020-12-31,5,bbs.nga.cn,5
2020-12-31,5,reddit.com,4
2020-12-31,5,bbs.nga.cn,5
2020-12-31,5,reddit.com,4
2020-12-31,4,community.gamepress.gg,2
2020-12-31,4,m.facebook.com,1
2020-12-31,4,community.gamepress.gg,2
2020-12-31,4,m.facebook.com,1
2020-12-31,4,community.gamepress.gg,2
2020-12-31,4,m.facebook.com,1
2020-12-31,4,community.gamepress.gg,2
2020-12-31,4,m.facebook.com,1
2020-12-31,2,ngabbs.com,2
2020-12-31,2,ngabbs.com,2
2020-12-31,2,ngabbs.com,2
2020-12-31,2,ngabbs.com,2
2021-01-03,258,ref.gamer.com.tw,165
2021-01-03,79,Google,63
2021-01-03,59,youtube.com,45
2021-01-03,8,github.com,3
2021-01-03,7,dl.raenonx.cc,7
2021-01-03,7,bbs.nga.cn,7
2021-01-03,7,reddit.com,5
2021-01-03,6,arusu.astr.moe,4
2021-01-03,5,m.youtube.com,2
2021-01-03,5,community.gamepress.gg,2
2021-01-07,538,ref.gamer.com.tw,332
2021-01-07,288,youtube.com,217
2021-01-07,269,Google,200
2021-01-07,51,reddit.com,33
2021-01-07,46,bbs.nga.cn,39
2021-01-07,44,dl.raenonx.cc,41
2021-01-07,19,m.youtube.com,11
2021-01-07,15,github.com,5
2021-01-07,10,nga.178.com,9
2021-01-07,10,amp-reddit-com.cdn.ampproject.org,4
2021-01-10,570,ref.gamer.com.tw,353
2021-01-10,296,youtube.com,221
2021-01-10,271,Google,208
2021-01-10,51,reddit.com,34
2021-01-10,46,bbs.nga.cn,39
2021-01-10,45,dl.raenonx.cc,42
2021-01-10,20,m.youtube.com,12
2021-01-10,14,github.com,4
2021-01-10,10,nga.178.com,9
2021-01-10,10,amp-reddit-com.cdn.ampproject.org,4
2021-01-15,457,ref.gamer.com.tw,298
2021-01-15,273,youtube.com,210
2021-01-15,272,Google,203
2021-01-15,45,reddit.com,30
2021-01-15,43,dl.raenonx.cc,39
2021-01-15,42,bbs.nga.cn,35
2021-01-15,15,m.youtube.com,10
2021-01-15,10,github.com,5
2021-01-15,10,amp-reddit-com.cdn.ampproject.org,4
2021-01-15,9,nga.178.com,8
2021-01-17,257,ref.gamer.com.tw,190
2021-01-17,165,Google,126
2021-01-17,107,youtube.com,86
2021-01-17,14,bbs.nga.cn,11
2021-01-17,10,dl.raenonx.cc,9
2021-01-17,6,reddit.com,6
2021-01-17,5,github.com,4
2021-01-17,5,forum.gamer.com.tw,3
2021-01-17,3,ngabbs.com,2
2021-01-17,3,lm.facebook.com,1
2021-01-24,183,ref.gamer.com.tw,140
2021-01-24,90,Google,68
2021-01-24,37,youtube.com,30
2021-01-24,9,dl.raenonx.cc,7
2021-01-24,3,github.com,3
2021-01-24,3,lm.facebook.com,1
2021-01-24,2,bbs.nga.cn,2
2021-01-24,1,ngabbs.com,1
2021-01-24,1,community.gamepress.gg,1
2021-01-24,1,amp-reddit-com.cdn.ampproject.org,1
2021-01-28,222,ref.gamer.com.tw,158
2021-01-28,222,ref.gamer.com.tw,158
2021-01-28,83,Google,66
2021-01-28,83,Google,66
2021-01-28,49,youtube.com,38
2021-01-28,49,youtube.com,38
2021-01-28,8,dl.raenonx.cc,7
2021-01-28,8,dl.raenonx.cc,7
2021-01-28,4,m.youtube.com,2
2021-01-28,4,m.youtube.com,2
2021-01-28,2,bbs.nga.cn,2
2021-01-28,2,github.com,2
2021-01-28,2,bbs.nga.cn,2
2021-01-28,2,github.com,2
2021-01-28,1,m.facebook.com,1
2021-01-28,1,community.gamepress.gg,1
2021-01-28,1,ngabbs.com,1
2021-01-28,1,m.facebook.com,1
2021-01-28,1,community.gamepress.gg,1
2021-01-28,1,ngabbs.com,1
2021-01-31,262,ref.gamer.com.tw,181
2021-01-31,232,ref.gamer.com.tw,163
2021-01-31,91,Google,67
2021-01-31,86,Google,63
2021-01-31,43,youtube.com,34
2021-01-31,43,youtube.com,34
2021-01-31,8,dl.raenonx.cc,7
2021-01-31,8,reddit.com,2
2021-01-31,7,dl.raenonx.cc,6
2021-01-31,5,m.youtube.com,3
2021-01-31,5,m.youtube.com,3
2021-01-31,4,reddit.com,2
2021-01-31,4,nga.178.com,3
2021-01-31,3,nga.178.com,2
2021-01-31,2,bbs.nga.cn,2
2021-01-31,2,m.facebook.com,2
2021-01-31,2,bbs.nga.cn,2
2021-01-31,2,m.facebook.com,2
2021-01-31,1,ngabbs.com,1
2021-01-31,1,gall.dcinside.com,1
2021-02-05,339,ref.gamer.com.tw,226
2021-02-05,93,Google,71
2021-02-05,45,youtube.com,32
2021-02-05,10,dl.raenonx.cc,9
2021-02-05,10,reddit.com,2
2021-02-05,8,m.facebook.com,5
2021-02-05,5,m.youtube.com,3
2021-02-05,4,github.com,4
2021-02-05,4,nga.178.com,3
2021-02-05,3,DuckDuckGo,2
2021-02-06,338,ref.gamer.com.tw,226
2021-02-06,100,Google,79
2021-02-06,44,youtube.com,33
2021-02-06,10,dl.raenonx.cc,9
2021-02-06,10,reddit.com,2
2021-02-06,8,m.facebook.com,5
2021-02-06,6,m.youtube.com,4
2021-02-06,4,github.com,4
2021-02-06,4,nga.178.com,3
2021-02-06,3,DuckDuckGo,2
2021-02-07,321,ref.gamer.com.tw,214
2021-02-07,93,Google,73
2021-02-07,43,youtube.com,33
2021-02-07,10,dl.raenonx.cc,9
2021-02-07,10,reddit.com,2
2021-02-07,8,m.facebook.com,5
2021-02-07,6,m.youtube.com,4
2021-02-07,4,github.com,4
2021-02-07,4,nga.178.com,3
2021-02-07,3,DuckDuckGo,2
2021-02-12,316,ref.gamer.com.tw,234
2021-02-12,84,Google,69
2021-02-12,39,youtube.com,27
2021-02-12,16,dl.raenonx.cc,13
2021-02-12,12,reddit.com,3
2021-02-12,10,github.com,6
2021-02-12,7,m.facebook.com,4
2021-02-12,5,m.dcinside.com,2
2021-02-12,4,DuckDuckGo,3
2021-02-12,4,amp-reddit-com.cdn.ampproject.org,2
2021-02-14,275,ref.gamer.com.tw,209
2021-02-14,77,Google,67
2021-02-14,39,youtube.com,27
2021-02-14,17,m.facebook.com,11
2021-02-14,16,dl.raenonx.cc,13
2021-02-14,9,github.com,5
2021-02-14,6,reddit.com,3
2021-02-14,5,m.dcinside.com,2
2021-02-14,4,DuckDuckGo,3
2021-02-14,4,amp-reddit-com.cdn.ampproject.org,2
2021-02-21,263,ref.gamer.com.tw,212
2021-02-21,89,Google,75
2021-02-21,29,youtube.com,24
2021-02-21,24,m.facebook.com,21
2021-02-21,13,reddit.com,6
2021-02-21,10,dl.raenonx.cc,8
2021-02-21,9,l.facebook.com,6
2021-02-21,7,github.com,3
2021-02-21,4,bbs.nga.cn,4
2021-02-21,4,nga.178.com,3
2021-02-26,280,ref.gamer.com.tw,217
2021-02-26,112,Google,84
2021-02-26,25,youtube.com,21
2021-02-26,21,reddit.com,13
2021-02-26,15,m.facebook.com,15
2021-02-26,6,dl.raenonx.cc,6
2021-02-26,6,l.facebook.com,5
2021-02-26,4,amp-reddit-com.cdn.ampproject.org,3
2021-02-26,4,github.com,3
2021-02-26,3,nga.178.com,2
2021-02-28,261,ref.gamer.com.tw,198
2021-02-28,102,Google,76
2021-02-28,25,youtube.com,21
2021-02-28,21,reddit.com,13
2021-02-28,6,dl.raenonx.cc,6
2021-02-28,4,github.com,3
2021-02-28,4,amp-reddit-com.cdn.ampproject.org,3
2021-02-28,3,m.facebook.com,3
2021-02-28,3,forum.gamer.com.tw,3
2021-02-28,3,nga.178.com,2
2021-03-03,246,ref.gamer.com.tw,180
2021-03-03,246,ref.gamer.com.tw,180
2021-03-03,110,Google,80
2021-03-03,110,Google,80
2021-03-03,25,youtube.com,21
2021-03-03,25,youtube.com,21
2021-03-03,21,reddit.com,13
2021-03-03,21,reddit.com,13
2021-03-03,8,m.facebook.com,8
2021-03-03,8,m.facebook.com,8
2021-03-03,7,dl.raenonx.cc,7
2021-03-03,7,dl.raenonx.cc,7
2021-03-03,5,forum.gamer.com.tw,3
2021-03-03,5,forum.gamer.com.tw,3
2021-03-03,4,github.com,3
2021-03-03,4,amp-reddit-com.cdn.ampproject.org,3
2021-03-03,4,github.com,3
2021-03-03,4,amp-reddit-com.cdn.ampproject.org,3
2021-03-03,3,amp.reddit.com,1
2021-03-03,3,amp.reddit.com,1
2021-03-07,154,ref.gamer.com.tw,108
2021-03-07,60,Google,42
2021-03-07,22,youtube.com,18
2021-03-07,9,m.facebook.com,9
2021-03-07,7,github.com,4
2021-03-07,6,forum.gamer.com.tw,4
2021-03-07,4,reddit.com,4
2021-03-07,4,dl.raenonx.cc,4
2021-03-07,1,Bing,1
2021-03-07,1,m.youtube.com,1
2021-03-14,124,ref.gamer.com.tw,98
2021-03-14,115,ref.gamer.com.tw,90
2021-03-14,115,ref.gamer.com.tw,90
2021-03-14,31,Google,27
2021-03-14,24,Google,21
2021-03-14,24,Google,21
2021-03-14,20,youtube.com,17
2021-03-14,17,youtube.com,14
2021-03-14,17,youtube.com,14
2021-03-14,8,dl.raenonx.cc,6
2021-03-14,8,dl.raenonx.cc,6
2021-03-14,8,dl.raenonx.cc,6
2021-03-14,7,m.facebook.com,7
2021-03-14,6,m.facebook.com,6
2021-03-14,6,l.facebook.com,3
2021-03-14,6,m.facebook.com,6
2021-03-14,6,l.facebook.com,3
2021-03-14,6,reddit.com,5
2021-03-14,6,l.facebook.com,3
2021-03-14,5,github.com,3
2021-03-14,5,github.com,3
2021-03-14,5,github.com,3
2021-03-14,4,reddit.com,3
2021-03-14,4,reddit.com,3
2021-03-14,1,forum.gamer.com.tw,1
2021-03-14,1,forum.gamer.com.tw,1
2021-03-14,1,forum.gamer.com.tw,1
2021-03-21,80,ref.gamer.com.tw,68
2021-03-21,33,Google,30
2021-03-21,13,youtube.com,11
2021-03-21,5,dl.raenonx.cc,4
2021-03-21,4,reddit.com,3
2021-03-21,4,m.facebook.com,3
2021-03-21,4,l.facebook.com,2
2021-03-21,2,github.com,2
2021-03-21,2,bbs.nga.cn,1
2021-03-21,1,gall.dcinside.com,1
2021-03-27,87,ref.gamer.com.tw,66
2021-03-27,87,ref.gamer.com.tw,66
2021-03-27,30,Google,28
2021-03-27,30,Google,28
2021-03-27,10,m.facebook.com,6
2021-03-27,10,m.facebook.com,6
2021-03-27,9,youtube.com,7
2021-03-27,9,youtube.com,7
2021-03-27,4,github.com,3
2021-03-27,4,github.com,3
2021-03-27,3,dl.raenonx.cc,3
2021-03-27,3,dl.raenonx.cc,3
2021-03-27,2,bbs.nga.cn,1
2021-03-27,2,bbs.nga.cn,1
2021-03-27,1,reddit.com,1
2021-03-27,1,gall.dcinside.com,1
2021-03-27,1,forum.gamer.com.tw,1
2021-03-27,1,reddit.com,1
2021-03-27,1,gall.dcinside.com,1
2021-03-27,1,forum.gamer.com.tw,1
2021-03-28,102,ref.gamer.com.tw,75
2021-03-28,82,ref.gamer.com.tw,63
2021-03-28,38,Google,34
2021-03-28,26,Google,24
2021-03-28,19,youtube.com,14
2021-03-28,8,youtube.com,6
2021-03-28,8,m.facebook.com,5
2021-03-28,8,m.facebook.com,5
2021-03-28,5,github.com,4
2021-03-28,4,github.com,3
2021-03-28,4,dl.raenonx.cc,4
2021-03-28,3,dl.raenonx.cc,3
2021-03-28,2,bbs.nga.cn,1
2021-03-28,2,bbs.nga.cn,1
2021-03-28,1,reddit.com,1
2021-03-28,1,gall.dcinside.com,1
2021-03-28,1,forum.gamer.com.tw,1
2021-03-28,1,Bing,1
2021-03-28,1,reddit.com,1
2021-03-28,1,gall.dcinside.com,1
2021-04-02,224,ref.gamer.com.tw,159
2021-04-02,69,Google,60
2021-04-02,43,youtube.com,31
2021-04-02,11,github.com,7
2021-04-02,10,m.facebook.com,6
2021-04-02,9,reddit.com,8
2021-04-02,4,dl.raenonx.cc,4
2021-04-02,2,Bing,2
2021-04-02,2,forum.gamer.com.tw,2
2021-04-02,2,community.gamepress.gg,1
2021-04-04,256,ref.gamer.com.tw,180
2021-04-04,71,Google,62
2021-04-04,46,youtube.com,36
2021-04-04,14,dl.raenonx.cc,14
2021-04-04,11,reddit.com,9
2021-04-04,9,github.com,7
2021-04-04,9,m.facebook.com,5
2021-04-04,2,forum.gamer.com.tw,2
2021-04-04,2,bbs.nga.cn,2
2021-04-04,2,Bing,2
2021-04-11,374,ref.gamer.com.tw,272
2021-04-11,210,youtube.com,151
2021-04-11,187,Google,149
2021-04-11,97,dl.raenonx.cc,78
2021-04-11,34,reddit.com,23
2021-04-11,16,bbs.nga.cn,13
2021-04-11,10,github.com,7
2021-04-11,7,DuckDuckGo,6
2021-04-11,5,ngabbs.com,3
2021-04-11,5,m.youtube.com,3
2021-04-15,315,ref.gamer.com.tw,232
2021-04-15,315,ref.gamer.com.tw,232
2021-04-15,203,youtube.com,145
2021-04-15,203,youtube.com,145
2021-04-15,167,Google,131
2021-04-15,167,Google,131
2021-04-15,99,dl.raenonx.cc,78
2021-04-15,99,dl.raenonx.cc,78
2021-04-15,28,reddit.com,18
2021-04-15,28,reddit.com,18
2021-04-15,15,bbs.nga.cn,12
2021-04-15,15,bbs.nga.cn,12
2021-04-15,9,DuckDuckGo,7
2021-04-15,9,DuckDuckGo,7
2021-04-15,5,ngabbs.com,3
2021-04-15,5,ngabbs.com,3
2021-04-15,4,nga.178.com,4
2021-04-15,4,Bing,4
2021-04-15,4,nga.178.com,4
2021-04-15,4,Bing,4
2021-04-18,190,ref.gamer.com.tw,148
2021-04-18,54,Google,46
2021-04-18,54,youtube.com,43
2021-04-18,15,dl.raenonx.cc,12
2021-04-18,5,DuckDuckGo,4
2021-04-18,3,bbs.nga.cn,2
2021-04-18,3,reddit.com,2
2021-04-18,3,forum.gamer.com.tw,2
2021-04-18,3,m.dcinside.com,1
2021-04-18,2,Bing,2
2021-04-25,147,ref.gamer.com.tw,114
2021-04-25,35,Google,28
2021-04-25,20,youtube.com,17
2021-04-25,5,dl.raenonx.cc,3
2021-04-25,4,forum.gamer.com.tw,3
2021-04-25,3,DuckDuckGo,1
2021-04-25,2,reddit.com,2
2021-04-25,2,bbs.nga.cn,2
2021-04-25,1,old.reddit.com,1
2021-04-25,1,github.com,1
2021-04-28,124,ref.gamer.com.tw,98
2021-04-28,37,Google,30
2021-04-28,17,youtube.com,15
2021-04-28,5,dl.raenonx.cc,4
2021-04-28,4,reddit.com,4
2021-04-28,4,forum.gamer.com.tw,3
2021-04-28,2,bbs.nga.cn,2
2021-04-28,2,l.facebook.com,2
2021-04-28,1,m.facebook.com,1
2021-04-28,1,github.com,1
2021-05-02,102,ref.gamer.com.tw,75
2021-05-02,29,Google,24
2021-05-02,16,youtube.com,14
2021-05-02,5,dl.raenonx.cc,4
2021-05-02,4,reddit.com,4
2021-05-02,2,bbs.nga.cn,2
2021-05-02,2,l.facebook.com,2
2021-05-02,1,Baidu,1
2021-05-02,1,m.youtube.com,1
2021-05-02,1,forum.gamer.com.tw,1
2021-05-07,119,ref.gamer.com.tw,90
2021-05-07,70,Google,54
2021-05-07,54,youtube.com,41
2021-05-07,15,dl.raenonx.cc,14
2021-05-07,7,reddit.com,6
2021-05-07,5,m.youtube.com,4
2021-05-07,3,amp.reddit.com,1
2021-05-07,2,l.facebook.com,2
2021-05-07,2,ngabbs.com,1
2021-05-07,2,github.com,1
2021-05-09,110,ref.gamer.com.tw,82
2021-05-09,68,Google,52
2021-05-09,52,youtube.com,39
2021-05-09,13,dl.raenonx.cc,13
2021-05-09,7,reddit.com,6
2021-05-09,4,m.youtube.com,3
2021-05-09,3,amp.reddit.com,1
2021-05-09,2,nga.178.com,1
2021-05-09,2,ngabbs.com,1
2021-05-09,2,github.com,1
2021-05-13,128,ref.gamer.com.tw,100
2021-05-13,128,ref.gamer.com.tw,100
2021-05-13,74,Google,56
2021-05-13,74,Google,56
2021-05-13,50,youtube.com,37
2021-05-13,50,youtube.com,37
2021-05-13,12,dl.raenonx.cc,12
2021-05-13,12,dl.raenonx.cc,12
2021-05-13,6,m.youtube.com,4
2021-05-13,6,m.youtube.com,4
2021-05-13,5,reddit.com,4
2021-05-13,5,reddit.com,4
2021-05-13,3,amp.reddit.com,1
2021-05-13,3,amp.reddit.com,1
2021-05-13,2,ngabbs.com,1
2021-05-13,2,nga.178.com,1
2021-05-13,2,github.com,1
2021-05-13,2,ngabbs.com,1
2021-05-13,2,nga.178.com,1
2021-05-13,2,github.com,1
2021-05-16,106,ref.gamer.com.tw,88
2021-05-16,47,Google,36
2021-05-16,22,youtube.com,16
2021-05-16,5,dl.raenonx.cc,5
2021-05-16,3,m.youtube.com,2
2021-05-16,3,amp.reddit.com,1
2021-05-16,2,github.com,1
2021-05-16,1,forum.gamer.com.tw,1
2021-05-16,1,tw.search.yahoo.com,1
2021-05-16,1,bbs.nga.cn,1
2021-05-23,119,ref.gamer.com.tw,100
2021-05-23,58,Google,48
2021-05-23,41,youtube.com,30
2021-05-23,10,reddit.com,7
2021-05-23,6,dl.raenonx.cc,6
2021-05-23,4,bbs.nga.cn,3
2021-05-23,1,m.youtube.com,1
2021-05-23,1,Bing,1
2021-05-23,1,nga.178.com,1
2021-05-23,1,forum.gamer.com.tw,1
2021-05-30,120,ref.gamer.com.tw,93
2021-05-30,50,Google,44
2021-05-30,38,youtube.com,30
2021-05-30,9,reddit.com,6
2021-05-30,7,dl.raenonx.cc,7
2021-05-30,5,bbs.nga.cn,4
2021-05-30,1,m.youtube.com,1
2021-05-30,1,l.facebook.com,1
2021-05-30,1,nga.178.com,1
2021-05-30,1,forum.gamer.com.tw,1
2021-06-02,129,ref.gamer.com.tw,97
2021-06-02,102,dl.raenonx.cc,97
2021-06-02,46,youtube.com,40
2021-06-02,44,Google,42
2021-06-02,1,forum.gamer.com.tw,1
2021-06-02,1,l.facebook.com,1
2021-06-02,1,reddit.com,1
2021-06-02,1,bbs.nga.cn,1
2021-06-03,115,ref.gamer.com.tw,88
2021-06-03,115,ref.gamer.com.tw,88
2021-06-03,110,dl.raenonx.cc,104
2021-06-03,110,dl.raenonx.cc,104
2021-06-03,38,youtube.com,33
2021-06-03,38,youtube.com,33
2021-06-03,37,Google,35
2021-06-03,37,Google,35
2021-06-03,1,l.facebook.com,1
2021-06-03,1,bbs.nga.cn,1
2021-06-03,1,forum.gamer.com.tw,1
2021-06-03,1,l.facebook.com,1
2021-06-03,1,bbs.nga.cn,1
2021-06-03,1,forum.gamer.com.tw,1
2021-06-06,115,dl.raenonx.cc,109
2021-06-06,89,ref.gamer.com.tw,62
2021-06-06,33,youtube.com,28
2021-06-06,24,Google,23
2021-06-06,1,l.facebook.com,1
2021-06-13,79,dl.raenonx.cc,73
2021-06-13,51,ref.gamer.com.tw,33
2021-06-13,19,Google,18
2021-06-13,8,youtube.com,8
2021-06-13,1,github.com,1
2021-06-15,62,ref.gamer.com.tw,41
2021-06-15,30,dl.raenonx.cc,27
2021-06-15,15,Google,14
2021-06-15,4,youtube.com,4
2021-06-15,1,github.com,1
2021-06-20,77,ref.gamer.com.tw,54
2021-06-20,16,dl.raenonx.cc,11
2021-06-20,15,Google,13
2021-06-20,5,youtube.com,5
2021-06-20,1,github.com,1
2021-06-20,1,l.facebook.com,1
2021-06-27,67,ref.gamer.com.tw,53
2021-06-27,13,Google,12
2021-06-27,11,dl.raenonx.cc,7
2021-06-27,4,youtube.com,4
2021-06-27,3,reddit.com,1
2021-06-27,1,github.com,1
2021-06-27,1,l.facebook.com,1
2021-06-30,55,ref.gamer.com.tw,43
2021-06-30,18,Google,16
2021-06-30,4,youtube.com,2
2021-06-30,3,reddit.com,1
2021-06-30,2,github.com,2
2021-06-30,1,l.facebook.com,1
2021-06-30,1,rnnx.cc,1
2021-07-04,49,ref.gamer.com.tw,39
2021-07-04,20,Google,18
2021-07-04,9,youtube.com,6
2021-07-04,3,github.com,3
2021-07-04,1,rnnx.cc,1
2021-07-05,53,ref.gamer.com.tw,44
2021-07-05,53,ref.gamer.com.tw,44
2021-07-05,53,ref.gamer.com.tw,44
2021-07-05,24,Google,22
2021-07-05,24,Google,22
2021-07-05,24,Google,22
2021-07-05,21,youtube.com,13
2021-07-05,21,youtube.com,13
2021-07-05,21,youtube.com,13
2021-07-05,6,github.com,4
2021-07-05,6,github.com,4
2021-07-05,6,github.com,4
2021-07-05,2,DuckDuckGo,2
2021-07-05,2,DuckDuckGo,2
2021-07-05,2,DuckDuckGo,2
2021-07-05,1,rnnx.cc,1
2021-07-05,1,rnnx.cc,1
2021-07-05,1,rnnx.cc,1
2021-07-11,77,ref.gamer.com.tw,63
2021-07-11,63,youtube.com,47
2021-07-11,43,Google,39
2021-07-11,9,reddit.com,7
2021-07-11,7,github.com,4
2021-07-11,2,ngabbs.com,2
2021-07-11,2,bbs.nga.cn,2
2021-07-11,2,DuckDuckGo,2
2021-07-11,2,nga.178.com,2
2021-07-11,2,ecosia.org,1
2021-07-15,91,ref.gamer.com.tw,72
2021-07-15,65,youtube.com,49
2021-07-15,43,Google,37
2021-07-15,13,reddit.com,8
2021-07-15,6,github.com,3
2021-07-15,2,ngabbs.com,2
2021-07-15,2,bbs.nga.cn,2
2021-07-15,2,DuckDuckGo,2
2021-07-15,2,nga.178.com,2
2021-07-15,2,ecosia.org,1
2021-07-16,94,ref.gamer.com.tw,75
2021-07-16,61,youtube.com,46
2021-07-16,44,Google,38
2021-07-16,13,reddit.com,8
2021-07-16,6,github.com,3
2021-07-16,2,nga.178.com,2
2021-07-16,2,bbs.nga.cn,2
2021-07-16,2,ngabbs.com,2
2021-07-16,2,DuckDuckGo,2
2021-07-16,2,m.facebook.com,1
2021-07-18,91,ref.gamer.com.tw,71
2021-07-18,49,youtube.com,39
2021-07-18,40,Google,34
2021-07-18,13,reddit.com,8
2021-07-18,3,github.com,2
2021-07-18,2,bbs.nga.cn,2
2021-07-18,2,ngabbs.com,2
2021-07-18,2,nga.178.com,2
2021-07-18,2,ecosia.org,1
2021-07-18,2,m.facebook.com,1
2021-07-25,69,ref.gamer.com.tw,52
2021-07-25,21,Google,14
2021-07-25,11,youtube.com,10
2021-07-25,9,m.facebook.com,9
2021-07-25,8,l.facebook.com,4
2021-07-25,4,reddit.com,2
2021-07-25,1,m.youtube.com,1
2021-07-25,1,facebook.com,1
2021-08-01,63,ref.gamer.com.tw,48
2021-08-01,63,ref.gamer.com.tw,48
2021-08-01,63,ref.gamer.com.tw,48
2021-08-01,59,ref.gamer.com.tw,44
2021-08-01,59,ref.gamer.com.tw,44
2021-08-01,26,Google,21
2021-08-01,26,Google,21
2021-08-01,26,Google,21
2021-08-01,26,Google,21
2021-08-01,26,Google,21
2021-08-01,15,youtube.com,13
2021-08-01,15,youtube.com,13
2021-08-01,15,youtube.com,13
2021-08-01,12,youtube.com,10
2021-08-01,12,youtube.com,10
2021-08-01,9,m.facebook.com,9
2021-08-01,9,m.facebook.com,9
2021-08-01,9,m.facebook.com,9
2021-08-01,9,m.facebook.com,9
2021-08-01,9,m.facebook.com,9
2021-08-01,8,l.facebook.com,4
2021-08-01,8,l.facebook.com,4
2021-08-01,8,l.facebook.com,4
2021-08-01,8,l.facebook.com,4
2021-08-01,8,l.facebook.com,4
2021-08-01,3,reddit.com,1
2021-08-01,3,reddit.com,1
2021-08-01,3,reddit.com,1
2021-08-01,3,reddit.com,1
2021-08-01,3,reddit.com,1
2021-08-01,1,m.youtube.com,1
2021-08-01,1,facebook.com,1
2021-08-01,1,m.youtube.com,1
2021-08-01,1,facebook.com,1
2021-08-01,1,m.youtube.com,1
2021-08-01,1,facebook.com,1
2021-08-01,1,m.youtube.com,1
2021-08-01,1,facebook.com,1
2021-08-01,1,m.youtube.com,1
2021-08-01,1,facebook.com,1
2021-08-04,48,ref.gamer.com.tw,41
2021-08-04,22,Google,20
2021-08-04,13,youtube.com,12
2021-08-04,1,m.facebook.com,1
2021-08-08,42,ref.gamer.com.tw,35
2021-08-08,23,Google,21
2021-08-08,16,youtube.com,13
2021-08-08,3,github.com,1
2021-08-08,2,amp.reddit.com,1
2021-08-08,1,reddit.com,1
2021-08-13,32,ref.gamer.com.tw,28
2021-08-13,22,Google,20
2021-08-13,14,youtube.com,11
2021-08-13,3,github.com,1
2021-08-13,2,amp.reddit.com,1
2021-08-13,1,reddit.com,1
2021-08-15,28,ref.gamer.com.tw,24
2021-08-15,22,Google,20
2021-08-15,11,youtube.com,7
2021-08-15,3,github.com,1
2021-08-15,2,amp.reddit.com,1
2021-08-15,1,reddit.com,1
2021-08-22,23,ref.gamer.com.tw,19
2021-08-22,15,Google,14
2021-08-22,13,youtube.com,9
2021-08-22,1,l.facebook.com,1
2021-08-29,16,ref.gamer.com.tw,12
2021-08-29,9,Google,8
2021-08-29,7,youtube.com,6
2021-08-29,1,l.facebook.com,1
2021-08-30,16,ref.gamer.com.tw,12
2021-08-30,8,Google,7
2021-08-30,7,youtube.com,6
2021-08-30,1,l.facebook.com,1
2021-08-30,1,reddit.com,1
2021-09-05,16,ref.gamer.com.tw,11
2021-09-05,14,youtube.com,13
2021-09-05,10,Google,9
2021-09-05,1,github.com,1
2021-09-05,1,reddit.com,1
2021-09-05,1,m.youtube.com,1
2021-09-07,21,ref.gamer.com.tw,16
2021-09-07,21,ref.gamer.com.tw,16
2021-09-07,14,youtube.com,12
2021-09-07,14,Google,12
2021-09-07,14,youtube.com,12
2021-09-07,14,Google,12
2021-09-07,1,github.com,1
2021-09-07,1,reddit.com,1
2021-09-07,1,m.youtube.com,1
2021-09-07,1,github.com,1
2021-09-07,1,reddit.com,1
2021-09-07,1,m.youtube.com,1
2021-09-12,32,ref.gamer.com.tw,18
2021-09-12,18,Google,15
2021-09-12,14,youtube.com,11
2021-09-12,1,bbs.nga.cn,1
2021-09-12,1,github.com,1
2021-09-12,1,m.youtube.com,1
2021-09-13,29,ref.gamer.com.tw,17
2021-09-13,18,Google,15
2021-09-13,8,youtube.com,7
2021-09-13,1,bbs.nga.cn,1
2021-09-13,1,m.youtube.com,1
2021-09-19,30,ref.gamer.com.tw,18
2021-09-19,12,Google,9
2021-09-19,9,youtube.com,8
2021-09-19,1,bbs.nga.cn,1
2021-09-19,1,reddit.com,1
2021-09-26,24,ref.gamer.com.tw,20
2021-09-26,5,youtube.com,5
2021-09-26,2,Google,2
2021-09-26,1,amp-reddit-com.cdn.ampproject.org,1
2021-09-26,1,reddit.com,1
2021-09-30,35,ref.gamer.com.tw,29
2021-09-30,35,ref.gamer.com.tw,29
2021-09-30,35,ref.gamer.com.tw,29
2021-09-30,8,Google,7
2021-09-30,8,Google,7
2021-09-30,8,Google,7
2021-09-30,5,youtube.com,5
2021-09-30,5,youtube.com,5
2021-09-30,5,youtube.com,5
2021-09-30,1,amp-reddit-com.cdn.ampproject.org,1
2021-09-30,1,github.com,1
2021-09-30,1,amp-reddit-com.cdn.ampproject.org,1
2021-09-30,1,github.com,1
2021-09-30,1,amp-reddit-com.cdn.ampproject.org,1
2021-09-30,1,github.com,1
2021-10-03,60,ref.gamer.com.tw,51
2021-10-03,60,ref.gamer.com.tw,51
2021-10-03,47,ref.gamer.com.tw,40
2021-10-03,47,ref.gamer.com.tw,40
2021-10-03,22,Google,19
2021-10-03,22,Google,19
2021-10-03,18,Google,15
2021-10-03,18,Google,15
2021-10-03,9,youtube.com,9
2021-10-03,9,youtube.com,9
2021-10-03,8,youtube.com,8
2021-10-03,8,youtube.com,8
2021-10-03,3,github.com,2
2021-10-03,3,github.com,2
2021-10-03,1,github.com,1
2021-10-03,1,github.com,1
2021-10-05,94,ref.gamer.com.tw,72
2021-10-05,26,Google,23
2021-10-05,10,youtube.com,10
2021-10-05,3,github.com,2
2021-10-10,142,ref.gamer.com.tw,106
2021-10-10,56,Google,47
2021-10-10,24,youtube.com,20
2021-10-10,5,bbs.nga.cn,4
2021-10-10,2,github.com,1
2021-10-10,2,reddit.com,1
2021-10-10,1,forum.gamer.com.tw,1
2021-10-15,186,ref.gamer.com.tw,128
2021-10-15,69,Google,55
2021-10-15,25,youtube.com,20
2021-10-15,7,bbs.nga.cn,6
2021-10-15,6,out.reddit.com,2
2021-10-15,4,reddit.com,3
2021-10-15,2,github.com,1
2021-10-15,2,m.youtube.com,1
2021-10-15,1,forum.gamer.com.tw,1
2021-10-15,1,amp.reddit.com,1
2021-10-16,173,ref.gamer.com.tw,118
2021-10-16,65,Google,51
2021-10-16,24,youtube.com,19
2021-10-16,7,bbs.nga.cn,6
2021-10-16,6,out.reddit.com,2
2021-10-16,4,reddit.com,3
2021-10-16,2,m.youtube.com,1
2021-10-16,1,forum.gamer.com.tw,1
2021-10-16,1,amp.reddit.com,1
2021-10-16,1,amp-reddit-com.cdn.ampproject.org,1
2021-10-17,164,ref.gamer.com.tw,115
2021-10-17,67,Google,53
2021-10-17,23,youtube.com,18
2021-10-17,7,bbs.nga.cn,6
2021-10-17,6,out.reddit.com,2
2021-10-17,4,reddit.com,3
2021-10-17,2,m.youtube.com,1
2021-10-17,1,forum.gamer.com.tw,1
2021-10-17,1,amp.reddit.com,1
2021-10-17,1,amp-reddit-com.cdn.ampproject.org,1
2021-10-24,119,ref.gamer.com.tw,94
2021-10-24,48,Google,37
2021-10-24,6,out.reddit.com,2
2021-10-24,5,youtube.com,5
2021-10-24,3,reddit.com,3
2021-10-24,2,m.youtube.com,1
2021-10-24,1,amp-reddit-com.cdn.ampproject.org,1
2021-10-24,1,amp.reddit.com,1
2021-10-24,1,bbs.nga.cn,1
2021-10-24,1,github.com,1
2021-10-29,109,ref.gamer.com.tw,70
2021-10-29,39,Google,28
2021-10-29,6,youtube.com,5
2021-10-29,1,github.com,1
2021-10-29,1,reddit.com,1
2021-10-31,77,ref.gamer.com.tw,45
2021-10-31,65,ref.gamer.com.tw,38
2021-10-31,29,Google,22
2021-10-31,26,Google,20
2021-10-31,7,youtube.com,4
2021-10-31,5,youtube.com,4
2021-10-31,1,github.com,1
2021-10-31,1,reddit.com,1
2021-10-31,1,github.com,1
2021-10-31,1,reddit.com,1
2021-11-01,66,ref.gamer.com.tw,35
2021-11-01,23,Google,18
2021-11-01,4,youtube.com,3
2021-11-01,1,github.com,1
2021-11-02,48,ref.gamer.com.tw,23
2021-11-02,19,Google,15
2021-11-02,5,youtube.com,2
2021-11-07,69,ref.gamer.com.tw,34
2021-11-07,30,Google,24
2021-11-07,1,gamer.com.tw,1
2021-11-07,1,github.com,1
2021-11-12,51,ref.gamer.com.tw,35
2021-11-12,35,Google,32
2021-11-12,3,gamer.com.tw,3
2021-11-12,1,youtube.com,1
2021-11-12,1,github.com,1
2021-11-14,48,ref.gamer.com.tw,32
2021-11-14,34,Google,31
2021-11-14,3,gamer.com.tw,3
2021-11-14,1,youtube.com,1
2021-11-14,1,github.com,1
2021-11-15,49,ref.gamer.com.tw,32
2021-11-15,49,ref.gamer.com.tw,32
2021-11-15,35,Google,29
2021-11-15,35,Google,29
2021-11-15,5,github.com,2
2021-11-15,5,github.com,2
2021-11-15,3,gamer.com.tw,3
2021-11-15,3,gamer.com.tw,3
2021-11-15,1,youtube.com,1
2021-11-15,1,youtube.com,1
2021-11-21,37,ref.gamer.com.tw,27
2021-11-21,20,Google,15
2021-11-21,4,github.com,1
2021-11-21,2,gamer.com.tw,2
2021-11-21,1,youtube.com,1
2021-11-28,42,ref.gamer.com.tw,34
2021-11-28,19,Google,16
2021-11-28,2,gamer.com.tw,1
2021-11-28,1,youtube.com,1
2021-11-28,1,out.reddit.com,1
2021-11-28,1,Baidu,1
2021-12-02,40,ref.gamer.com.tw,31
2021-12-02,19,Google,18
2021-12-02,4,gamer.com.tw,3
2021-12-02,3,youtube.com,2
2021-12-02,1,out.reddit.com,1
2021-12-02,1,Baidu,1
2021-12-03,31,ref.gamer.com.tw,26
2021-12-03,17,Google,16
2021-12-03,4,gamer.com.tw,3
2021-12-03,3,youtube.com,2
2021-12-03,1,Baidu,1
2021-12-03,1,out.reddit.com,1
2021-12-05,34,ref.gamer.com.tw,29
2021-12-05,34,ref.gamer.com.tw,29
2021-12-05,34,ref.gamer.com.tw,29
2021-12-05,17,Google,16
2021-12-05,17,Google,16
2021-12-05,16,Google,15
2021-12-05,4,gamer.com.tw,4
2021-12-05,4,gamer.com.tw,4
2021-12-05,3,gamer.com.tw,3
2021-12-05,3,youtube.com,2
2021-12-05,3,youtube.com,2
2021-12-05,3,youtube.com,2
2021-12-05,1,out.reddit.com,1
2021-12-05,1,out.reddit.com,1
2021-12-05,1,out.reddit.com,1
2021-12-12,26,ref.gamer.com.tw,21
2021-12-12,26,ref.gamer.com.tw,21
2021-12-12,26,ref.gamer.com.tw,21
2021-12-12,12,Google,12
2021-12-12,12,Google,12
2021-12-12,9,Google,9
2021-12-12,7,gamer.com.tw,5
2021-12-12,7,gamer.com.tw,5
2021-12-12,7,gamer.com.tw,5
2021-12-12,3,youtube.com,2
2021-12-12,3,youtube.com,2
2021-12-12,3,youtube.com,2
2021-12-18,25,ref.gamer.com.tw,16
2021-12-18,10,Google,10
2021-12-18,4,gamer.com.tw,2
2021-12-19,21,ref.gamer.com.tw,12
2021-12-19,10,Google,10
2021-12-25,26,ref.gamer.com.tw,13
2021-12-25,13,m.facebook.com,13
2021-12-25,10,lm.facebook.com,8
2021-12-25,8,Google,8
2021-12-25,6,l.facebook.com,4
2021-12-25,3,m.youtube.com,2
2021-12-25,2,github.com,1
2021-12-25,1,facebook.com,1
2021-12-25,1,gamer.com.tw,1
2021-12-26,25,ref.gamer.com.tw,12
2021-12-26,13,m.facebook.com,13
2021-12-26,10,lm.facebook.com,8
2021-12-26,8,Google,8
2021-12-26,6,l.facebook.com,4
2021-12-26,3,m.youtube.com,2
2021-12-26,2,github.com,1
2021-12-26,1,facebook.com,1
2021-12-26,1,gamer.com.tw,1
2022-01-02,20,ref.gamer.com.tw,16
2022-01-02,19,ref.gamer.com.tw,15
2022-01-02,12,Google,9
2022-01-02,10,Google,7
2022-01-02,6,github.com,2
2022-01-02,6,github.com,2
2022-01-02,5,gamer.com.tw,3
2022-01-02,5,gamer.com.tw,3
2022-01-02,4,m.facebook.com,4
2022-01-02,4,l.facebook.com,2
2022-01-02,4,m.facebook.com,4
2022-01-02,4,l.facebook.com,2
2022-01-02,2,m.youtube.com,1
2022-01-02,2,m.youtube.com,1
2022-01-02,1,facebook.com,1
2022-01-02,1,facebook.com,1
2022-01-04,20,ref.gamer.com.tw,16
2022-01-04,20,ref.gamer.com.tw,16
2022-01-04,15,Google,10
2022-01-04,15,Google,10
2022-01-04,6,github.com,2
2022-01-04,6,github.com,2
2022-01-04,5,gamer.com.tw,3
2022-01-04,5,gamer.com.tw,3
2022-01-04,1,l.facebook.com,1
2022-01-04,1,l.facebook.com,1
2022-01-09,20,ref.gamer.com.tw,16
2022-01-09,16,Google,10
2022-01-09,4,github.com,1
2022-01-09,3,gamer.com.tw,2
2022-01-13,23,ref.gamer.com.tw,17
2022-01-13,15,Google,13
2022-01-13,7,gamer.com.tw,5
2022-01-13,1,youtube.com,1
2022-01-15,26,ref.gamer.com.tw,19
2022-01-15,14,Google,12
2022-01-15,7,gamer.com.tw,5
2022-01-15,2,youtube.com,2
2022-01-16,26,ref.gamer.com.tw,19
2022-01-16,10,Google,9
2022-01-16,6,gamer.com.tw,4
2022-01-16,2,youtube.com,2
2022-01-23,16,ref.gamer.com.tw,14
2022-01-23,8,Google,8
2022-01-23,8,gamer.com.tw,5
2022-01-23,1,youtube.com,1
2022-01-25,16,ref.gamer.com.tw,14
2022-01-25,10,gamer.com.tw,4
2022-01-25,7,Google,7
2022-01-25,2,github.com,1
2022-01-25,1,youtube.com,1
2022-01-26,15,ref.gamer.com.tw,13
2022-01-26,9,gamer.com.tw,3
2022-01-26,7,Google,7
2022-01-26,2,github.com,1
2022-01-26,1,youtube.com,1
2022-01-30,8,ref.gamer.com.tw,7
2022-01-30,6,gamer.com.tw,2
2022-01-30,5,Google,4
2022-01-30,2,github.com,1
2022-02-01,7,ref.gamer.com.tw,5
2022-02-01,6,gamer.com.tw,2
2022-02-01,5,Google,4
2022-02-01,2,github.com,1
2022-02-02,7,ref.gamer.com.tw,5
2022-02-02,6,gamer.com.tw,2
2022-02-02,5,Google,4
2022-02-02,2,github.com,1
2022-02-05,15,ref.gamer.com.tw,10
2022-02-05,12,Google,10
2022-02-05,7,gamer.com.tw,3
2022-02-06,15,ref.gamer.com.tw,10
2022-02-06,12,Google,10
2022-02-06,2,gamer.com.tw,2
2022-02-13,17,ref.gamer.com.tw,12
2022-02-13,10,Google,9
2022-02-13,2,gamer.com.tw,2
2022-02-13,1,github.com,1
2022-02-13,1,reddit.com,1
2022-02-13,1,Baidu,1
2022-02-20,13,Google,9
2022-02-20,13,ref.gamer.com.tw,9
2022-02-20,2,gamer.com.tw,2
2022-02-20,1,github.com,1
2022-02-20,1,reddit.com,1
2022-02-20,1,Baidu,1
2022-02-26,15,ref.gamer.com.tw,10
2022-02-26,15,Google,9
2022-02-26,1,gamer.com.tw,1
2022-02-27,12,ref.gamer.com.tw,9
2022-02-27,11,Google,6
2022-02-27,1,gamer.com.tw,1
2022-03-06,16,ref.gamer.com.tw,9
2022-03-06,4,Google,2
2022-03-06,1,github.com,1
2022-03-06,1,reddit.com,1
2022-03-13,60,ref.gamer.com.tw,46
2022-03-13,18,forum.gamer.com.tw,17
2022-03-13,5,gamer.com.tw,5
2022-03-13,2,Google,2
2022-03-13,1,reddit.com,1
2022-03-20,59,ref.gamer.com.tw,46
2022-03-20,19,forum.gamer.com.tw,18
2022-03-20,6,gamer.com.tw,6
2022-03-20,2,Google,2
2022-03-27,20,ref.gamer.com.tw,13
2022-03-27,7,Google,4
2022-03-27,5,ngabbs.com,1
2022-03-27,2,lm.facebook.com,1
2022-03-27,1,github.com,1
2022-04-03,26,Google,11
2022-04-03,10,github.com,7
2022-04-03,10,ref.gamer.com.tw,7
2022-04-03,5,ngabbs.com,1
2022-04-03,2,lm.facebook.com,1
2022-04-03,1,reddit.com,1
2022-04-10,51,Google,16
2022-04-10,46,github.com,13
2022-04-10,25,ref.gamer.com.tw,13
2022-04-10,2,gamer.com.tw,1
2022-04-10,1,reddit.com,1
2022-04-17,49,github.com,12
2022-04-17,33,Google,11
2022-04-17,13,ref.gamer.com.tw,9
2022-04-17,3,gamer.com.tw,1
2022-04-24,31,github.com,6
2022-04-24,4,Google,4
2022-04-24,1,ref.gamer.com.tw,1
2022-05-01,4,Google,3
2022-05-01,4,github.com,2
2022-05-01,1,youtube.com,1
2022-05-01,1,ref.gamer.com.tw,1
2022-05-08,19,Google,2
2022-05-08,6,github.com,2
2022-05-08,1,youtube.com,1
2022-05-08,1,DuckDuckGo,1
2022-05-15,18,Google,2
2022-05-15,13,DuckDuckGo,2
2022-05-15,3,github.com,1
2022-05-22,13,github.com,4
2022-05-22,3,Google,3
2022-05-22,1,ref.gamer.com.tw,1
2022-05-29,37,github.com,6
2022-05-29,2,ref.gamer.com.tw,2
2022-05-29,1,Google,1
2022-06-05,26,github.com,3
2022-06-12,2,ref.gamer.com.tw,1
2022-06-12,1,workona.com,1
2022-06-19,3,ref.gamer.com.tw,2
2022-06-19,1,workona.com,1
2022-06-26,1,ref.gamer.com.tw,1
2022-07-03,1,ref.gamer.com.tw,1
2022-07-10,2,Google,1
2022-07-10,1,ref.gamer.com.tw,1
2022-07-17,1,ref.gamer.com.tw,1
2022-07-24,1,youtube.com,1
2022-07-24,1,ref.gamer.com.tw,1
2022-07-31,6,reddit.com,1
2022-07-31,4,out.reddit.com,1
2022-07-31,1,youtube.com,1
2022-07-31,1,Google,1
2022-07-31,1,ref.gamer.com.tw,1
2022-08-07,4,out.reddit.com,1
2022-08-07,2,m.gamer.com.tw,1
2022-08-07,1,Google,1
2022-08-07,1,ref.gamer.com.tw,1
2022-08-28,2,ref.gamer.com.tw,1
2022-09-04,4,ref.gamer.com.tw,3
2022-09-11,2,ref.gamer.com.tw,2
2022-09-11,1,Google,1
2022-09-11,1,github.com,1
